﻿Designator,Quantity,Value,Footprint,Package,MPN,DNP,Mount_Type,Description,Manufacturer,LCSC,Specifications,Display,Display 2,JLCPCB ID
"C1, C10, C14_100n1, C2, C3, C4, C5, C6, C7, C9",10,100nF,C_0603_1608Metric,,CL10E104KC8VPNC,,smt,Unpolarized Capacitor,Samsung Electro-Mechanics,,,,,
"C11, C8",2,1uF,C_0603_1608Metric,,CL10B105KP8NNNC,,smt,Unpolarized Capacitor,Samsung Electro-Mechanics,,,,,
"C12, C13",2,10uF,C_0603_1608Metric,,CL10A106MQ8NNNC,,smt,CAP CER 10UF 6.3V X5R 0603,Samsung Electro-Mechanics,,,,,
"C14, C15",2,15pF,C_0603_1608Metric,,885012006003,,smt,CAP CER 15PF 10V C0G/NP0 0603,Würth Elektronik,,,,,
J1,1,USB_C_Receptacle_USB2.0,USB_C_Receptacle_G-Switch_GT-USB-7010ASV,,GT-USB-7010ASV ,,smt,USB 2.0 3A 1 Horizontal attachment 16P Female -40℃~+85℃ Type-C SMD USB Connectors ROHS, G-Switch,C165948,,,,
J2,1,Test Pins,PinHeader_2x22_P1.00mm_Vertical,,,,tht,Pin Header female with pin space 2.54mm. Pin Count - 20,,,,,,
"R1, R2",2,27Ω,R_0402_1005Metric,,ERJ-2RKF27R0X,,smt,RES SMD 27 OHM 1% 1/10W 0402,Panasonic Electronic Components,,,,,
"R12, R5",2,1K,RC0402N_PAN,,ERJ-2RKF1001X,,smt,RES SMD 1K OHM 1% 1/10W 0402,Panasonic Electronic Components,,,,,
"R3, R4",2,5.1k,R_0402_1005Metric,,ERA-2AEB512X,,smt,RES SMD 5.1K OHM 0.1% 1/16W 0402,Panasonic Electronic Components,,,,,
"SW2, SW3, SW4, SW5, SW6",5,Push_Button,SW_Cherry_MX_1.00u_PCB,,MX1A-C1NW,,tht,SWITCH PUSH SPST-NO 0.01A 12V,Cherry Americas LLC,,,,,
U1,1,RP2040,RP2040-QFN-56,,SC0914(13),,smt,ARM® Cortex®-M0+ - Microcontroller IC 32-Bit Dual-Core 133MHz External Program Memory 56-QFN (7x7),Raspberry Pi,,,,,
U3,1,W25Q128JVSIQ,SOIC-8-1EP_3.9x4.9mm_P1.27mm_EP2.29x3mm,,W25Q128JVSIQ,,smt,IC FLASH 128MBIT SPI/QUAD 8SOIC,Winbond Electronics,,,,,
U4,1,NCP1117LPST33T3G,NCP1117,,NCP1117LPST33T3G,,smt,IC REG LINEAR 3.3V 1A SOT223,onsemi,,Precision 3.3V Ref 1% 18PPM 28Vmax 20mAmax,3.3V,18ppm,C233715 
X1,1,ABM8-272-T3,ABM8-272-T3_ABR,,ABM8-272-T3,,smt,CRYSTAL 12.0000MHZ 10PF SMD,Abracon LLC,,,,,
