﻿pos_x,pos_y,rotation,side,designator,mpn,pack,footprint,value,mount_type
131.725,-81.0,180.0,bottom,C1,CL10E104KC8VPNC,,C_0603_1608Metric,100nF,smt
144.225,-74.0,180.0,top,C10,CL10E104KC8VPNC,,C_0603_1608Metric,100nF,smt
137.5,-77.775,90.0,top,C11,CL10B105KP8NNNC,,C_0603_1608Metric,1uF,smt
150.275,-73.0,180.0,top,C12,CL10A106MQ8NNNC,,C_0603_1608Metric,10uF,smt
146.0,-79.0,180.0,bottom,C13,CL10A106MQ8NNNC,,C_0603_1608Metric,10uF,smt
145.5,-85.5,90.0,bottom,C14,885012006003,,C_0603_1608Metric,15pF,smt
136.225,-64.5,180.0,top,C14_100n1,CL10E104KC8VPNC,,C_0603_1608Metric,100nF,smt
139.0,-85.275,90.0,bottom,C15,885012006003,,C_0603_1608Metric,15pF,smt
135.725,-83.0,0.0,top,C2,CL10E104KC8VPNC,,C_0603_1608Metric,100nF,smt
136.275,-75.5,180.0,top,C3,CL10E104KC8VPNC,,C_0603_1608Metric,100nF,smt
133.225,-78.0,180.0,bottom,C4,CL10E104KC8VPNC,,C_0603_1608Metric,100nF,smt
144.225,-76.0,0.0,top,C5,CL10E104KC8VPNC,,C_0603_1608Metric,100nF,smt
140.95,-73.5,180.0,top,C6,CL10E104KC8VPNC,,C_0603_1608Metric,100nF,smt
136.0,-73.5,180.0,top,C7,CL10E104KC8VPNC,,C_0603_1608Metric,100nF,smt
130.225,-72.5,0.0,bottom,C8,CL10B105KP8NNNC,,C_0603_1608Metric,1uF,smt
135.725,-81.0,0.0,top,C9,CL10E104KC8VPNC,,C_0603_1608Metric,100nF,smt
148.5,-67.0,0.0,bottom,J1,GT-USB-7010ASV ,,USB_C_Receptacle_G-Switch_GT-USB-7010ASV,USB_C_Receptacle_USB2.0,smt
114.0,-102.5,90.0,top,J2,,,PinHeader_2x22_P1.00mm_Vertical,Test Pins,tht
139.0,-73.0,90.0,bottom,R1,ERJ-2RKF27R0X,,R_0402_1005Metric,27Ω,smt
137.5,-85.447201,-90.0,bottom,R12,ERJ-2RKF1001X,,RC0402N_PAN,1K,smt
137.5,-72.99,90.0,bottom,R2,ERJ-2RKF27R0X,,R_0402_1005Metric,27Ω,smt
150.155,-68.5,0.0,top,R3,ERA-2AEB512X,,R_0402_1005Metric,5.1k,smt
147.155,-68.5,180.0,top,R4,ERA-2AEB512X,,R_0402_1005Metric,5.1k,smt
144.0,-72.5,0.0,bottom,R5,ERJ-2RKF1001X,,RC0402N_PAN,1K,smt
107.96,-88.42,0.0,top,SW2,MX1A-C1NW,,SW_Cherry_MX_1.00u_PCB,Push_Button,tht
127.04,-88.42,0.0,top,SW3,MX1A-C1NW,,SW_Cherry_MX_1.00u_PCB,Push_Button,tht
107.96,-69.42,0.0,top,SW4,MX1A-C1NW,,SW_Cherry_MX_1.00u_PCB,Push_Button,tht
126.96,-69.42,0.0,top,SW5,MX1A-C1NW,,SW_Cherry_MX_1.00u_PCB,Push_Button,tht
146.04,-88.42,0.0,top,SW6,MX1A-C1NW,,SW_Cherry_MX_1.00u_PCB,Push_Button,tht
140.225,-78.225,180.0,bottom,U1,SC0914(13),,RP2040-QFN-56,RP2040,smt
137.93,-68.25,180.0,bottom,U3,W25Q128JVSIQ,,SOIC-8-1EP_3.9x4.9mm_P1.27mm_EP2.29x3mm,W25Q128JVSIQ,smt
150.0,-78.0,180.0,top,U4,NCP1117LPST33T3G,,NCP1117,NCP1117LPST33T3G,smt
142.1,-85.300001,90.0,bottom,X1,ABM8-272-T3,,ABM8-272-T3_ABR,ABM8-272-T3,smt
